order	path	size	git_blob_sha
001	chunk-001.b64	17000	92ff0f26f47d5697526619255205989bb941b697
002	chunk-002.b64	17000	85bcb98a5d506e63b1a620187592b9fd0f06392b
003	chunk-003.b64	17000	1ff9a55399b07e732ab6a693d313669f0aeb584d
004	chunk-004.b64	17000	6e5d27bb4a1b8b44330f12f5ce2ee3f0620acf6b
005	chunk-005.b64	17000	2f876dd68c51cdbfcd15b0e0c6ce10ca705655f5
006	chunk-006.b64	17000	eb7d45eca8118285bd644e163eaf9a424759b21a
007	chunk-007.b64	17000	e42fadd49bfac7fda16b268d2fe2f414af3f9a8b
008	chunk-008.b64	17000	2410174afd2e5a656ac3d18fa7017170f280fc0c
009	chunk-009.b64	17000	ccca910678fa767f713f0e80d55e533e2e272c71
010	chunk-010.b64	17000	25535924d236cc791a4d783fb5ce748a73b46187
011	chunk-011.b64	17000	c0c7e9d04e20b451eb56b53afd4c05eb6bc5f8fc
012	chunk-012.b64	17000	77cad205e0721ce60e61d55c051506962efdeea3
013	chunk-013.b64	17000	ab23383fcd3655e7b1e469bbf259cb667714390c
014	chunk-014.b64	17000	0825deb92f5ff9625c63ab92ccbf22afda509034
015	chunk-015.b64	17000	0043fcc92f1658aee0a6c44ba8480e167df22d3b
016	chunk-016-part-01.b64	8500	709b836ba9837d3a8f97d96a3d824777cbf3ff98
017	chunk-016-part-02.b64	8500	20baa9e8ef9436734f7a08e41293aff4d8406b7d
018	chunk-017-part-01.b64	8500	4464d8ac837a2e52fa5d361cbe17152c14d2d957
019	chunk-017-part-02.b64	8500	90baf6f36e41aaa9dee1a3b0b5f3763493890073
020	chunk-018-part-01.b64	6000	22308a8f41724090a0904f0361e288c7ad032426
021	chunk-018-part-02.b64	6000	0a58da812f64d0b9dda984beaed40fab93d6346f
022	chunk-018-part-03.b64	5000	62374f75e3e98d7d74146d9b37e9fc77c86ddea3
023	chunk-019-part-01.b64	3000	9bd5641482ea1b1d031690f7c3086ee85ceb9c4f
024	chunk-019-part-02.b64	3000	e44c735fb5822b9d45d99567841f83083555c65d
025	chunk-019-part-03.b64	3000	f952528dc9830223ef2eff61e79017002b34d35f
026	chunk-019-part-04.b64	3000	eb25d49beb396161594db8f9d356c8fd68769533
027	chunk-019-part-05.b64	3000	dfde93959ba3d1f83e4ff04afce36501e3539bed
028	chunk-019-part-06.b64	2000	97c32737e389bd2a1bafbb0ba0352ab2c20ce441
029	chunk-020.b64	17000	af7988be44b12ba456206b31b91d969cd3c05d46
030	chunk-021.b64	17000	5a38c494a1c5f03c314000134f57746709f268f6
031	chunk-022.b64	17000	fd5c8834b018668f5d5c9d25e37f921663c3cb74
032	chunk-023.b64	17000	c7fb549c879d32f4c0604272497934a75527527e
033	chunk-024.b64	17000	28285970611cd434dbd76ca16dba10006c61958a
034	chunk-025-part-01.b64	3000	b04740ee263cbbb1bc7f64ac11bebdb901082b93
035	chunk-025-part-02.b64	3000	4cbe4f94601d2cfefe5164eb4b32f817afd829bb
036	chunk-025-part-03.b64	3000	be9f56c8ab891407f8acdea733f8de2e9bca05f6
037	chunk-025-part-04.b64	3000	b7ee6e46a044c5b0a600e9b1e48c2303e384f429
038	chunk-025-part-05.b64	3000	bacd43b7c64d6ed5f3f0d37d5d79eabc4c01a85f
039	chunk-025-part-06.b64	2000	d6d259968de6c8c7ce4158887352d9556fc293fa
040	chunk-026-part-01.b64	3000	877c1c2e3a98b4eaa53b39af62a73cf06beaa672
041	chunk-026-part-02.b64	3000	2c898aecb0f392110602fa45d7541b7e6d8cd2dd
042	chunk-026-part-03.b64	3000	65712dcfbfa679ba657725abc681e64fb19dfc72
043	chunk-026-part-04.b64	3000	907b7c87db5d0bdfa031852a63cf8f40e0f3a3ee
044	chunk-026-part-05.b64	1220	d704e6e45c94854778b039ddaaaaf4115e5d8262
