path	size_bytes	sha256
part-01.b64	90000	48ddd439d5b8c25e084e32839aa369beee0774ba9a59ce6f9bebd2ec6d2cbe36
part-02.b64	90000	c76c01addfa258c33375a088b8a60595f1473bc872e96750d69fc022dd6ea46d
part-03.b64	90000	6874b3978e8d8b008b599595b40d9cc98f6e081ed4f056c5fa9ede4ba53b0151
part-04.b64	90000	60d6f6ec1ba18d18dc001a6c8bac8802ba1b854a9c1c3ea8872422aa4f029884
part-05.b64	90000	be9d451ed52818586c97806105f624491ca0e49f29f57c27e43d50a80a5cc9a3
part-06.b64	90000	6df3b35d98cb2294b67b021f4188a06424f79d49e0492a7596789da42f649c07
part-07.b64	90000	c2e9028caaaca7008bb163b337502072823dc83107d2d0248dc5901ed556eef5
part-08.b64	90000	7f159c8f5825f6cd80b8b0113385487d96f11f25f151bf2039da1b2204821aef
part-09.b64	9144	29dc4ce7d3e9653958243a9442b65bbadf21c1c17d9a0a5b950c85e7c76ad1ce
